-- Create Departments and programmes
INSERT INTO Departments 
  VALUES
    ('CS', 'Comupter Science');
INSERT INTO Departments 
  VALUES
    ('CE', 'Comupter Engineering');
INSERT INTO Departments 
  VALUES
    ('SE', 'Software Engineering');

--Create courses
INSERT INTO Courses
  VALUES
    ('TDA357', 10, 'Databases', 'CS');
INSERT INTO LimitedCourses 
  VALUES
    ('TDA357', 127);
INSERT INTO Courses 
  VALUES
    ('TIN070', 7.5, 'Algorithms', 'CE');
INSERT INTO LimitedCourses 
  VALUES
    ('TIN070', 30);
INSERT INTO Courses
  VALUES
    ('DAT216', 6, 'Graphical Interfaces Design and Construction', 'CE');
INSERT INTO Courses
  VALUES
    ('TDA545', 7.5, 'Object Oriented Programming', 'SE');
INSERT INTO Courses
  VALUES
    ('TDA550', 15, 'Object Oriented Programming', 'SE');
     
    
--Classifications
INSERT INTO CourseClassifications
  VALUES
    ('Math');
INSERT INTO CourseClassifications
  VALUES
    ('Programming');
INSERT INTO CourseClassifications
  VALUES
    ('Research');
INSERT INTO CourseClassifications
  VALUES
    ('Seminar');
    
INSERT INTO HasClassifications
  VALUES
    ('TDA357', 'Programming');
INSERT INTO HasClassifications
  VALUES
    ('TDA357', 'Research');
INSERT INTO HasClassifications
  VALUES
    ('TDA357', 'Seminar');
INSERT INTO HasClassifications
  VALUES
    ('TDA357', 'Math');
INSERT INTO HasClassifications
  VALUES
    ('TIN070', 'Programming');
 INSERT INTO HasClassifications
  VALUES
    ('TIN070', 'Math');

INSERT INTO HasClassifications
  VALUES
    ('TDA545', 'Programming');
INSERT INTO HasClassifications
  VALUES
    ('TDA545', 'Math');
    
-- Prerequisites

INSERT INTO IsPrereqFor
  VALUES
    ('TDA545', 'TDA550');
INSERT INTO IsPrereqFor
  VALUES
    ('TDA545', 'TDA357');
    
-- StudyProgramme
INSERT INTO StudyProgrammes
  VALUES
    ('Informationsteknik', 'TKIT');
 INSERT INTO StudyProgrammes
  VALUES
    ('Datateknik', 'TKDT');
INSERT INTO StudyProgrammes
  VALUES
    ('Datavetenskap', 'DVDA');
INSERT INTO HostsProgrammes
  VALUES
    ('CS', 'Datavetenskap');
INSERT INTO HostsProgrammes
  VALUES
    ('CE', 'Datavetenskap');
INSERT INTO HostsProgrammes
  VALUES
    ('SE', 'Informationsteknik');
INSERT INTO HostsProgrammes
  VALUES
    ('SE', 'Datateknik');

--Branches
INSERT INTO Branches
  VALUES
    ('Informationsteknik', 'Interaction Design');
INSERT INTO Branches
  VALUES
    ('Informationsteknik', 'Software Engineering');
INSERT INTO Branches
  VALUES
    ('Datateknik', 'Interaction Design');
INSERT INTO Branches
  VALUES
    ('Datavetenskap', 'Turing Machines');

-- Recommended & Mandatory
INSERT INTO IsMandatoryForProgrammes
  VALUES
    ('TDA545', 'Informationsteknik');
    INSERT INTO IsMandatoryForProgrammes
VALUES
    ('TDA545', 'Datateknik');
    INSERT INTO IsMandatoryForProgrammes
VALUES
    ('TDA550', 'Datateknik');
     
INSERT INTO IsMandatoryForProgrammes
  VALUES
    ('TDA545', 'Datavetenskap');
INSERT INTO IsMandatoryForProgrammes
  VALUES
    ('TIN070', 'Datavetenskap');

INSERT INTO IsMandatoryForBranches
  VALUES
    ('DAT216', 'Informationsteknik', 'Interaction Design');
INSERT INTO IsMandatoryForBranches
  VALUES
    ('TDA550', 'Informationsteknik', 'Interaction Design');
INSERT INTO IsMandatoryForBranches
  VALUES
    ('TIN070', 'Datavetenskap', 'Turing Machines');

INSERT INTO IsRecommendedForBranches
  VALUES
    ('TDA357', 'Informationsteknik', 'Interaction Design');
INSERT INTO IsRecommendedForBranches
  VALUES
    ('DAT216', 'Datateknik', 'Interaction Design');    

-- Student
INSERT INTO Students
  VALUES
    ('hjorthjort', 'Rikard Hjort', 'Informationsteknik', '19910107APAB');
INSERT INTO Students
  VALUES
    ('apabepa', 'Rikard Hjort', 'Informationsteknik', '20110011APAB');
INSERT INTO Students
  VALUES
    ('foobar', 'Robert Gjort', 'Informationsteknik', '19810107APAB');
INSERT INTO Students
  VALUES
    ('databepa', 'Apa Bepa', 'Datateknik', '19910117APAB');
INSERT INTO Students
  VALUES
    ('datahjort', 'Rebecka Hjort', 'Datateknik', '19901117APAB');
INSERT INTO Students
  VALUES
    ('databar', 'Foo Bar', 'Datateknik', '17101117APAB');
INSERT INTO Students
  VALUES
    ('turing12', 'Alan Turing', 'Datavetenskap', '19120623ABAC');

-- Belonging to brnaches

INSERT INTO BelongToBranches
  VALUES
    ('hjorthjort', 'Informationsteknik', 'Interaction Design');
INSERT INTO BelongToBranches
  VALUES
    ('apabepa', 'Informationsteknik', 'Software Engineering');
INSERT INTO BelongToBranches
  VALUES
    ('foobar', 'Informationsteknik', 'Interaction Design');
INSERT INTO BelongToBranches
  VALUES
    ('turing12', 'Datavetenskap', 'Turing Machines');


--Taking Courses

INSERT INTO IsWaitingFor
  VALUES
    ('turing12', 'TDA357', CURRENT_TIMESTAMP(9));
INSERT INTO IsWaitingFor
  VALUES
    ('hjorthjort', 'TDA357', CURRENT_TIMESTAMP(9));
INSERT INTO IsWaitingFor
  VALUES
    ('databar', 'TDA357', CURRENT_TIMESTAMP(9));
INSERT INTO IsWaitingFor
  VALUES
    ('foobar', 'TDA357', CURRENT_TIMESTAMP(9));

INSERT INTO IsWaitingFor
  VALUES
    ('turing12', 'TIN070', CURRENT_TIMESTAMP(9));
INSERT INTO IsWaitingFor
  VALUES
    ('hjorthjort', 'TIN070', CURRENT_TIMESTAMP(9));
INSERT INTO IsWaitingFor
  VALUES
    ('databar', 'TIN070', CURRENT_TIMESTAMP(9));
INSERT INTO IsWaitingFor
  VALUES
    ('foobar', 'TIN070', CURRENT_TIMESTAMP(9));


INSERT INTO IsRegisteredFor
  VALUES
    ('turing12', 'TDA550');
INSERT INTO IsRegisteredFor
  VALUES
    ('hjorthjort', 'TDA550');
INSERT INTO IsRegisteredFor
  VALUES
    ('databar', 'TIN070');
INSERT INTO IsRegisteredFor
  VALUES
    ('foobar', 'TIN070');

INSERT INTO HasCompleted
  VALUES
    ('turing12', 'DAT216', '5');
INSERT INTO HasCompleted
  VALUES
    ('turing12', 'TIN070', '4');
INSERT INTO HasCompleted 
  VALUES 
    ('hjorthjort', 'TIN070', '5');
INSERT INTO HasCompleted 
  VALUES 
    ('hjorthjort', 'TDA357', '5');
INSERT INTO HasCompleted 
  VALUES 
    ('hjorthjort', 'TDA550', '5');
INSERT INTO HasCompleted
  VALUES
    ('hjorthjort', 'DAT216', '3');
INSERT INTO HasCompleted
  VALUES
    ('hjorthjort', 'TDA545', '5');
INSERT INTO HasCompleted
  VALUES
    ('databar', 'TDA550', 'U');
INSERT INTO HasCompleted
  VALUES
    ('foobar', 'TDA550', '3');

